date,channel_group,device_category,sessions,new_users,engaged_sessions,conversions,revenue_usd,bounce_rate,avg_session_duration_sec
2026-01-01,Organic Search,desktop,637,414,409,9,836.41,0.539,214
2026-01-01,Paid Search,desktop,286,181,189,13,940.86,0.357,164
2026-01-01,Paid Social,mobile,280,194,172,9,638.26,0.545,86
2026-01-01,Email,desktop,144,84,86,11,890.77,0.406,145
2026-01-01,Direct,mobile,188,123,90,5,519.35,0.518,112
2026-01-01,Referral,mobile,91,58,45,0,0.0,0.283,214
2026-01-02,Organic Search,mobile,542,395,292,8,555.41,0.507,146
2026-01-02,Paid Search,desktop,302,210,170,9,557.79,0.428,91
2026-01-02,Paid Social,mobile,231,139,100,2,131.96,0.469,213
2026-01-02,Email,mobile,136,100,63,2,185.27,0.437,79
2026-01-02,Direct,desktop,199,141,106,4,389.7,0.403,63
2026-01-02,Referral,desktop,82,62,49,4,309.83,0.524,141
2026-01-03,Organic Search,mobile,660,500,355,11,903.24,0.34,229
2026-01-03,Paid Search,mobile,343,222,200,13,823.26,0.421,53
2026-01-03,Paid Social,mobile,325,189,145,3,214.8,0.478,119
2026-01-03,Email,mobile,159,122,86,4,342.83,0.447,246
2026-01-03,Direct,desktop,178,108,90,5,390.19,0.561,237
2026-01-03,Referral,mobile,95,54,56,2,152.41,0.541,68
2026-01-04,Organic Search,desktop,648,361,365,16,1413.84,0.388,249
2026-01-04,Paid Search,mobile,358,217,237,6,432.99,0.617,236
2026-01-04,Paid Social,mobile,308,232,170,6,395.86,0.407,65
2026-01-04,Email,mobile,166,127,80,8,607.25,0.341,173
2026-01-04,Direct,desktop,250,155,155,8,655.47,0.285,94
2026-01-04,Referral,mobile,111,64,61,2,126.95,0.553,198
2026-01-05,Organic Search,desktop,637,368,421,11,876.02,0.505,250
2026-01-05,Paid Search,mobile,297,165,167,7,453.16,0.422,252
2026-01-05,Paid Social,desktop,246,180,133,1,54.18,0.562,216
2026-01-05,Email,mobile,141,97,91,5,412.01,0.425,185
2026-01-05,Direct,desktop,169,102,81,7,564.92,0.303,172
2026-01-05,Referral,desktop,106,65,48,1,65.53,0.332,69
2026-01-06,Organic Search,mobile,623,367,270,15,1155.69,0.388,153
2026-01-06,Paid Search,desktop,298,166,139,7,529.17,0.422,55
2026-01-06,Paid Social,tablet,274,157,174,7,377.76,0.567,239
2026-01-06,Email,mobile,138,100,81,4,348.64,0.455,229
2026-01-06,Direct,desktop,191,133,93,4,362.51,0.359,124
2026-01-06,Referral,mobile,90,57,53,4,323.12,0.444,115
2026-01-07,Organic Search,mobile,744,520,468,17,1260.83,0.53,88
2026-01-07,Paid Search,mobile,316,218,140,7,593.5,0.327,251
2026-01-07,Paid Social,desktop,306,223,191,4,257.79,0.312,177
2026-01-07,Email,tablet,160,109,86,8,759.18,0.447,173
2026-01-07,Direct,mobile,207,119,91,5,510.06,0.508,116
2026-01-07,Referral,desktop,95,58,48,0,0.0,0.598,139
2026-01-08,Organic Search,tablet,733,496,486,16,1225.19,0.615,199
2026-01-08,Paid Search,mobile,339,252,198,11,863.39,0.284,142
2026-01-08,Paid Social,mobile,240,157,128,6,411.18,0.318,259
2026-01-08,Email,desktop,139,103,62,7,633.6,0.311,237
2026-01-08,Direct,desktop,185,107,115,8,786.02,0.292,46
2026-01-08,Referral,mobile,77,56,37,0,0.0,0.595,211
2026-01-09,Organic Search,desktop,728,407,343,13,1126.37,0.494,227
2026-01-09,Paid Search,desktop,281,167,137,17,1302.39,0.299,177
2026-01-09,Paid Social,mobile,269,191,125,2,145.55,0.436,213
2026-01-09,Email,desktop,151,88,100,6,551.84,0.501,247
2026-01-09,Direct,mobile,197,126,107,3,258.62,0.384,136
2026-01-09,Referral,mobile,94,60,49,2,132.61,0.292,134
2026-01-10,Organic Search,mobile,827,563,468,20,1682.23,0.388,214
2026-01-10,Paid Search,mobile,337,233,173,14,1169.52,0.593,153
2026-01-10,Paid Social,desktop,293,182,186,2,106.78,0.566,56
2026-01-10,Email,desktop,176,103,88,2,191.44,0.571,125
2026-01-10,Direct,mobile,215,124,110,14,1427.18,0.386,192
2026-01-10,Referral,tablet,106,73,44,2,125.21,0.336,224
2026-01-11,Organic Search,mobile,690,512,467,12,924.21,0.307,207
2026-01-11,Paid Search,mobile,431,251,201,10,670.68,0.379,150
2026-01-11,Paid Social,desktop,248,141,119,5,328.55,0.508,209
2026-01-11,Email,mobile,155,104,78,7,657.98,0.57,153
2026-01-11,Direct,mobile,216,161,109,6,484.16,0.416,242
2026-01-11,Referral,desktop,102,64,47,4,277.9,0.385,173
2026-01-12,Organic Search,mobile,677,481,395,17,1348.71,0.539,239
2026-01-12,Paid Search,tablet,296,216,191,11,795.19,0.468,185
2026-01-12,Paid Social,mobile,246,151,150,3,163.48,0.294,212
2026-01-12,Email,tablet,160,105,107,8,591.15,0.469,217
2026-01-12,Direct,mobile,216,120,111,3,296.58,0.523,211
2026-01-12,Referral,mobile,84,61,36,2,158.75,0.282,155
2026-01-13,Organic Search,desktop,693,445,452,12,1074.97,0.398,228
2026-01-13,Paid Search,mobile,274,175,134,8,506.7,0.396,199
2026-01-13,Paid Social,desktop,330,203,173,5,365.74,0.518,172
2026-01-13,Email,mobile,144,95,65,2,154.68,0.286,142
2026-01-13,Direct,desktop,226,146,151,7,604.89,0.585,95
2026-01-13,Referral,desktop,100,67,61,2,131.76,0.362,114
2026-01-14,Organic Search,mobile,812,551,508,18,1427.43,0.618,190
2026-01-14,Paid Search,mobile,319,233,149,7,543.58,0.605,155
2026-01-14,Paid Social,desktop,304,234,135,3,159.75,0.435,155
2026-01-14,Email,desktop,147,84,76,6,464.92,0.383,129
2026-01-14,Direct,mobile,204,117,131,5,464.7,0.393,137
2026-01-14,Referral,tablet,88,53,44,1,75.15,0.358,116
2026-01-15,Organic Search,desktop,603,395,364,6,420.44,0.592,46
2026-01-15,Paid Search,mobile,360,207,209,12,912.88,0.569,46
2026-01-15,Paid Social,tablet,327,192,203,4,285.86,0.435,174
2026-01-15,Email,desktop,167,123,83,8,622.09,0.421,113
2026-01-15,Direct,mobile,212,133,90,7,699.32,0.531,113
2026-01-15,Referral,desktop,109,63,49,1,70.9,0.617,45
2026-01-16,Organic Search,desktop,784,536,355,23,1861.58,0.491,103
2026-01-16,Paid Search,desktop,299,184,177,5,381.06,0.359,232
2026-01-16,Paid Social,desktop,261,176,136,6,383.72,0.538,256
2026-01-16,Email,mobile,155,85,97,6,444.99,0.582,129
2026-01-16,Direct,mobile,212,163,98,8,851.33,0.352,146
2026-01-16,Referral,mobile,98,62,54,3,232.68,0.474,67
2026-01-17,Organic Search,mobile,727,533,324,16,1070.91,0.613,126
2026-01-17,Paid Search,mobile,387,247,194,14,1001.14,0.485,246
2026-01-17,Paid Social,desktop,354,225,184,3,199.4,0.395,250
2026-01-17,Email,desktop,153,110,99,4,307.45,0.457,145
2026-01-17,Direct,mobile,245,161,164,7,566.13,0.366,108
2026-01-17,Referral,mobile,113,85,76,5,301.92,0.327,110
2026-01-18,Organic Search,mobile,607,451,352,9,658.92,0.335,228
2026-01-18,Paid Search,desktop,361,223,186,14,1129.29,0.35,247
2026-01-18,Paid Social,mobile,322,184,157,4,242.72,0.433,97
2026-01-18,Email,mobile,195,146,99,6,471.58,0.335,247
2026-01-18,Direct,tablet,228,152,124,7,638.34,0.325,72
2026-01-18,Referral,mobile,125,96,57,1,64.76,0.29,70
2026-01-19,Organic Search,mobile,739,509,399,15,1071.17,0.616,220
2026-01-19,Paid Search,mobile,289,169,190,5,349.14,0.55,178
2026-01-19,Paid Social,desktop,297,177,196,5,259.5,0.618,105
2026-01-19,Email,mobile,167,96,76,6,591.01,0.389,201
2026-01-19,Direct,desktop,202,138,109,5,414.97,0.511,226
2026-01-19,Referral,desktop,86,64,52,2,149.18,0.383,248
2026-01-20,Organic Search,desktop,769,494,435,17,1548.08,0.423,184
2026-01-20,Paid Search,desktop,331,215,149,11,854.91,0.505,49
2026-01-20,Paid Social,desktop,326,237,209,6,327.67,0.374,74
2026-01-20,Email,mobile,160,121,75,8,795.33,0.487,99
2026-01-20,Direct,mobile,230,178,120,2,180.18,0.578,176
2026-01-20,Referral,mobile,107,79,53,2,147.84,0.394,97
2026-01-21,Organic Search,desktop,725,539,488,19,1655.26,0.443,143
2026-01-21,Paid Search,desktop,350,215,170,11,733.87,0.557,230
2026-01-21,Paid Social,tablet,288,180,180,3,205.15,0.319,128
2026-01-21,Email,mobile,143,83,75,10,1002.36,0.304,74
2026-01-21,Direct,mobile,213,160,126,7,580.77,0.424,163
2026-01-21,Referral,desktop,107,74,72,2,121.9,0.527,254
2026-01-22,Organic Search,desktop,764,494,331,15,1316.97,0.563,221
2026-01-22,Paid Search,desktop,373,269,234,17,1102.05,0.579,65
2026-01-22,Paid Social,mobile,300,169,130,4,273.55,0.292,185
2026-01-22,Email,mobile,155,90,99,7,668.39,0.312,129
2026-01-22,Direct,mobile,213,154,117,6,534.41,0.355,89
2026-01-22,Referral,mobile,107,60,49,3,204.82,0.617,74
2026-01-23,Organic Search,desktop,740,473,479,23,1645.65,0.355,186
2026-01-23,Paid Search,mobile,301,204,169,13,804.31,0.297,174
2026-01-23,Paid Social,desktop,289,186,178,5,300.39,0.372,157
2026-01-23,Email,mobile,169,119,73,4,390.79,0.5,81
2026-01-23,Direct,desktop,243,160,161,4,384.03,0.346,191
2026-01-23,Referral,desktop,91,54,48,0,0.0,0.389,122
2026-01-24,Organic Search,desktop,970,592,561,24,2200.32,0.314,68
2026-01-24,Paid Search,desktop,320,184,205,15,1116.85,0.619,54
2026-01-24,Paid Social,tablet,359,275,204,4,290.98,0.45,151
2026-01-24,Email,mobile,183,117,104,5,385.4,0.315,231
2026-01-24,Direct,mobile,284,182,151,13,1391.77,0.413,115
2026-01-24,Referral,desktop,132,86,78,2,134.0,0.409,65
2026-01-25,Organic Search,mobile,880,562,418,22,1613.21,0.561,244
2026-01-25,Paid Search,mobile,425,238,282,19,1440.01,0.282,53
2026-01-25,Paid Social,desktop,349,194,214,6,370.76,0.282,214
2026-01-25,Email,tablet,182,115,103,4,376.73,0.449,160
2026-01-25,Direct,mobile,212,158,99,9,803.49,0.314,219
2026-01-25,Referral,mobile,114,88,65,1,68.74,0.32,215
2026-01-26,Organic Search,mobile,730,452,472,13,1026.46,0.515,80
2026-01-26,Paid Search,desktop,351,242,151,12,799.21,0.327,85
2026-01-26,Paid Social,mobile,267,205,140,9,482.16,0.502,232
2026-01-26,Email,desktop,147,95,63,13,1294.62,0.294,196
2026-01-26,Direct,mobile,213,119,141,4,317.02,0.564,78
2026-01-26,Referral,desktop,97,66,50,0,0.0,0.386,85
2026-01-27,Organic Search,desktop,635,363,409,18,1672.96,0.566,247
2026-01-27,Paid Search,desktop,365,246,204,21,1658.2,0.444,143
2026-01-27,Paid Social,desktop,249,159,110,5,306.87,0.596,176
2026-01-27,Email,desktop,166,99,111,6,593.54,0.612,95
2026-01-27,Direct,mobile,212,119,99,9,850.14,0.493,88
2026-01-27,Referral,desktop,123,92,82,0,0.0,0.429,248
2026-01-28,Organic Search,mobile,696,469,325,15,1270.03,0.428,94
2026-01-28,Paid Search,tablet,378,289,177,11,817.22,0.453,138
2026-01-28,Paid Social,tablet,264,174,139,4,226.87,0.497,55
2026-01-28,Email,mobile,182,137,98,9,814.11,0.546,137
2026-01-28,Direct,mobile,262,182,133,9,971.5,0.406,136
2026-01-28,Referral,mobile,103,74,55,3,185.45,0.348,179
2026-01-29,Organic Search,mobile,699,428,313,13,932.05,0.379,158
2026-01-29,Paid Search,desktop,366,260,170,12,778.98,0.373,111
2026-01-29,Paid Social,mobile,281,200,123,6,406.92,0.557,141
2026-01-29,Email,desktop,151,95,70,5,392.42,0.536,112
2026-01-29,Direct,mobile,219,142,109,4,406.63,0.596,152
2026-01-29,Referral,desktop,85,66,49,4,311.05,0.437,62
2026-01-30,Organic Search,mobile,577,382,303,13,1158.81,0.317,93
2026-01-30,Paid Search,tablet,302,235,195,10,713.22,0.371,175
2026-01-30,Paid Social,mobile,251,170,124,2,106.17,0.603,131
2026-01-30,Email,mobile,152,90,70,5,491.25,0.328,190
2026-01-30,Direct,mobile,200,122,134,5,455.63,0.366,211
2026-01-30,Referral,mobile,103,76,48,2,165.31,0.293,89
2026-01-31,Organic Search,mobile,864,492,451,18,1286.19,0.346,133
2026-01-31,Paid Search,mobile,359,250,215,13,927.74,0.594,97
2026-01-31,Paid Social,mobile,343,196,185,3,185.26,0.378,216
2026-01-31,Email,mobile,179,109,87,4,396.59,0.417,93
2026-01-31,Direct,mobile,259,144,119,10,840.68,0.592,227
2026-01-31,Referral,tablet,136,76,87,3,231.01,0.324,212
2026-02-01,Organic Search,desktop,694,452,449,17,1507.9,0.535,106
2026-02-01,Paid Search,mobile,357,237,196,11,891.33,0.59,98
2026-02-01,Paid Social,desktop,334,223,156,10,672.61,0.592,256
2026-02-01,Email,desktop,184,121,124,6,582.85,0.377,214
2026-02-01,Direct,desktop,216,162,107,5,483.31,0.504,223
2026-02-01,Referral,desktop,103,73,58,0,0.0,0.574,51
2026-02-02,Organic Search,mobile,776,435,477,19,1646.69,0.581,91
2026-02-02,Paid Search,mobile,344,208,165,16,1265.48,0.496,204
2026-02-02,Paid Social,desktop,353,230,207,8,553.45,0.399,169
2026-02-02,Email,desktop,147,111,96,3,232.88,0.311,70
2026-02-02,Direct,mobile,258,146,117,8,816.12,0.495,234
2026-02-02,Referral,desktop,102,72,54,2,125.5,0.551,101
2026-02-03,Organic Search,desktop,817,607,413,23,1573.72,0.54,111
2026-02-03,Paid Search,mobile,335,254,166,10,751.68,0.491,176
2026-02-03,Paid Social,desktop,304,215,181,2,122.78,0.419,63
2026-02-03,Email,mobile,149,107,71,7,656.29,0.441,152
2026-02-03,Direct,tablet,227,150,126,8,637.11,0.455,148
2026-02-03,Referral,mobile,111,73,74,1,63.89,0.312,45
2026-02-04,Organic Search,desktop,703,505,301,11,1011.91,0.337,179
2026-02-04,Paid Search,tablet,351,226,216,15,1107.08,0.537,227
2026-02-04,Paid Social,mobile,249,153,120,4,292.25,0.617,158
2026-02-04,Email,tablet,132,100,62,8,642.51,0.43,256
2026-02-04,Direct,desktop,217,159,106,6,571.26,0.452,181
2026-02-04,Referral,mobile,118,73,59,1,79.19,0.432,93
2026-02-05,Organic Search,mobile,651,361,326,14,1033.32,0.302,56
2026-02-05,Paid Search,mobile,356,265,163,12,868.32,0.304,217
2026-02-05,Paid Social,mobile,308,182,201,3,168.54,0.504,200
2026-02-05,Email,mobile,147,97,73,5,389.99,0.296,120
2026-02-05,Direct,mobile,224,145,131,8,825.32,0.522,67
2026-02-05,Referral,tablet,94,57,40,1,68.65,0.34,222
2026-02-06,Organic Search,mobile,795,607,337,26,1732.35,0.539,253
2026-02-06,Paid Search,desktop,337,228,148,14,1073.68,0.422,167
2026-02-06,Paid Social,mobile,264,149,160,4,250.94,0.386,253
2026-02-06,Email,desktop,176,103,83,11,1022.82,0.353,229
2026-02-06,Direct,desktop,199,120,115,5,497.1,0.616,77
2026-02-06,Referral,mobile,98,61,42,3,196.61,0.394,226
2026-02-07,Organic Search,desktop,759,495,506,12,1085.56,0.446,75
2026-02-07,Paid Search,desktop,390,218,192,11,788.06,0.457,105
2026-02-07,Paid Social,mobile,404,256,238,1,57.15,0.435,129
2026-02-07,Email,mobile,189,127,108,7,570.77,0.423,66
2026-02-07,Direct,tablet,268,148,154,6,614.6,0.495,244
2026-02-07,Referral,mobile,116,75,65,1,82.5,0.286,142
2026-02-08,Organic Search,mobile,884,583,596,14,947.97,0.601,102
2026-02-08,Paid Search,mobile,393,254,260,21,1422.18,0.452,229
2026-02-08,Paid Social,desktop,368,274,191,11,614.15,0.382,51
2026-02-08,Email,mobile,201,141,93,7,572.9,0.399,199
2026-02-08,Direct,desktop,224,167,127,9,794.37,0.293,151
2026-02-08,Referral,tablet,152,109,69,6,439.79,0.522,198
2026-02-09,Organic Search,desktop,841,494,466,14,1162.53,0.285,244
2026-02-09,Paid Search,desktop,353,202,170,6,409.44,0.346,126
2026-02-09,Paid Social,mobile,246,153,109,2,136.01,0.617,244
2026-02-09,Email,mobile,157,97,97,10,977.28,0.428,209
2026-02-09,Direct,mobile,240,183,106,10,803.21,0.503,52
2026-02-09,Referral,desktop,100,68,64,1,68.65,0.294,141
2026-02-10,Organic Search,desktop,761,492,493,20,1558.58,0.391,153
2026-02-10,Paid Search,tablet,367,244,168,12,859.41,0.56,100
2026-02-10,Paid Social,desktop,295,227,188,4,221.92,0.558,170
2026-02-10,Email,mobile,159,91,90,3,266.93,0.557,59
2026-02-10,Direct,mobile,222,155,100,10,832.73,0.39,171
2026-02-10,Referral,desktop,98,57,43,2,159.44,0.444,243
2026-02-11,Organic Search,mobile,915,698,609,16,1258.43,0.421,85
2026-02-11,Paid Search,tablet,366,260,160,12,836.92,0.503,65
2026-02-11,Paid Social,desktop,258,193,117,3,189.96,0.381,58
2026-02-11,Email,mobile,165,105,77,7,579.68,0.397,159
2026-02-11,Direct,mobile,225,154,151,10,1026.28,0.3,137
2026-02-11,Referral,mobile,115,75,51,1,76.8,0.453,200
2026-02-12,Organic Search,mobile,736,508,453,22,1480.48,0.469,91
2026-02-12,Paid Search,mobile,374,241,175,14,928.9,0.312,235
2026-02-12,Paid Social,mobile,281,173,189,5,292.09,0.382,53
2026-02-12,Email,desktop,153,84,93,9,767.4,0.445,138
2026-02-12,Direct,desktop,230,149,132,15,1197.87,0.411,83
2026-02-12,Referral,desktop,113,66,69,4,237.75,0.303,131
2026-02-13,Organic Search,mobile,739,574,350,15,1198.43,0.477,125
2026-02-13,Paid Search,desktop,374,242,224,13,981.59,0.304,81
2026-02-13,Paid Social,desktop,339,208,206,7,487.82,0.31,50
2026-02-13,Email,desktop,151,91,84,8,686.19,0.45,257
2026-02-13,Direct,desktop,240,134,130,9,892.57,0.37,134
2026-02-13,Referral,mobile,103,67,52,1,67.47,0.331,232
2026-02-14,Organic Search,tablet,854,605,546,12,798.42,0.296,208
2026-02-14,Paid Search,tablet,452,326,198,18,1264.54,0.284,172
2026-02-14,Paid Social,mobile,347,205,156,6,412.59,0.536,236
2026-02-14,Email,mobile,152,103,75,10,914.48,0.611,134
2026-02-14,Direct,mobile,316,181,152,5,535.09,0.322,87
2026-02-14,Referral,mobile,139,105,84,3,221.71,0.537,223
2026-02-15,Organic Search,tablet,725,452,435,18,1519.86,0.429,207
2026-02-15,Paid Search,mobile,447,266,250,16,998.99,0.417,170
2026-02-15,Paid Social,desktop,338,241,198,6,379.95,0.486,66
2026-02-15,Email,mobile,183,137,109,7,545.43,0.53,222
2026-02-15,Direct,desktop,240,150,128,9,845.14,0.405,55
2026-02-15,Referral,desktop,134,85,89,1,61.2,0.395,220
2026-02-16,Organic Search,mobile,714,524,320,23,1777.4,0.297,243
2026-02-16,Paid Search,mobile,384,259,182,14,868.75,0.512,249
2026-02-16,Paid Social,desktop,292,164,194,5,327.82,0.437,135
2026-02-16,Email,mobile,136,82,86,3,262.59,0.353,80
2026-02-16,Direct,mobile,237,164,155,9,954.85,0.562,180
2026-02-16,Referral,mobile,108,76,45,2,155.04,0.408,47
2026-02-17,Organic Search,desktop,736,478,374,14,1071.63,0.61,82
2026-02-17,Paid Search,desktop,340,229,186,18,1230.98,0.516,50
2026-02-17,Paid Social,desktop,334,186,193,7,440.15,0.485,130
2026-02-17,Email,mobile,190,133,128,7,654.36,0.561,162
2026-02-17,Direct,desktop,219,163,98,2,207.97,0.306,86
2026-02-17,Referral,desktop,102,63,47,1,77.19,0.584,185
2026-02-18,Organic Search,mobile,671,510,297,20,1845.06,0.42,188
2026-02-18,Paid Search,mobile,364,202,166,10,779.85,0.399,235
2026-02-18,Paid Social,mobile,249,181,122,2,140.46,0.56,238
2026-02-18,Email,desktop,184,110,121,7,615.12,0.396,107
2026-02-18,Direct,mobile,236,156,153,7,637.0,0.438,89
2026-02-18,Referral,mobile,96,68,59,3,197.04,0.58,201
2026-02-19,Organic Search,desktop,767,571,520,19,1645.91,0.434,244
2026-02-19,Paid Search,mobile,302,173,144,10,711.31,0.364,150
2026-02-19,Paid Social,mobile,300,169,170,5,307.0,0.416,146
2026-02-19,Email,mobile,164,108,103,6,569.62,0.57,78
2026-02-19,Direct,mobile,220,158,106,5,468.15,0.603,126
2026-02-19,Referral,mobile,116,87,53,0,0.0,0.576,193
2026-02-20,Organic Search,tablet,719,529,434,20,1451.55,0.338,183
2026-02-20,Paid Search,mobile,330,200,150,10,738.8,0.617,47
2026-02-20,Paid Social,desktop,301,221,154,3,203.0,0.547,74
2026-02-20,Email,mobile,160,88,79,5,396.99,0.436,84
2026-02-20,Direct,desktop,255,173,113,5,508.55,0.403,213
2026-02-20,Referral,mobile,107,71,45,3,236.62,0.307,234
2026-02-21,Organic Search,desktop,937,665,557,21,1919.23,0.314,112
2026-02-21,Paid Search,desktop,464,302,276,28,1827.75,0.552,235
2026-02-21,Paid Social,mobile,349,220,205,4,218.95,0.32,67
2026-02-21,Email,desktop,211,126,126,9,889.99,0.411,224
2026-02-21,Direct,tablet,229,178,146,7,620.22,0.511,210
2026-02-21,Referral,desktop,137,77,78,1,66.59,0.529,84
2026-02-22,Organic Search,mobile,818,614,491,8,652.41,0.376,173
2026-02-22,Paid Search,desktop,442,272,263,19,1632.39,0.531,145
2026-02-22,Paid Social,mobile,329,236,157,5,347.47,0.513,183
2026-02-22,Email,mobile,181,115,78,7,589.99,0.363,90
2026-02-22,Direct,mobile,281,158,174,7,637.61,0.557,113
2026-02-22,Referral,desktop,113,79,60,2,137.32,0.459,113
2026-02-23,Organic Search,desktop,703,406,370,21,1413.07,0.491,143
2026-02-23,Paid Search,mobile,318,190,156,11,673.47,0.335,65
2026-02-23,Paid Social,tablet,325,219,155,8,433.3,0.323,76
2026-02-23,Email,desktop,192,132,129,12,928.78,0.492,135
2026-02-23,Direct,mobile,234,136,158,7,757.24,0.3,243
2026-02-23,Referral,desktop,95,55,53,2,124.79,0.363,228
2026-02-24,Organic Search,mobile,665,518,280,14,951.13,0.481,192
2026-02-24,Paid Search,desktop,463,328,266,15,1251.36,0.507,146
2026-02-24,Paid Social,desktop,275,166,116,3,207.74,0.337,105
2026-02-24,Email,mobile,177,129,118,5,471.17,0.33,241
2026-02-24,Direct,mobile,206,120,87,9,924.69,0.61,66
2026-02-24,Referral,desktop,106,71,53,2,126.15,0.44,184
2026-02-25,Organic Search,desktop,790,526,500,20,1717.01,0.578,176
2026-02-25,Paid Search,mobile,426,293,186,8,600.26,0.335,176
2026-02-25,Paid Social,desktop,285,177,160,4,263.35,0.351,255
2026-02-25,Email,desktop,179,122,86,4,376.67,0.481,68
2026-02-25,Direct,desktop,222,137,144,8,689.79,0.521,248
2026-02-25,Referral,desktop,112,67,58,2,144.87,0.387,75
2026-02-26,Organic Search,mobile,839,577,434,13,952.01,0.358,256
2026-02-26,Paid Search,mobile,428,235,200,14,1182.89,0.54,141
2026-02-26,Paid Social,mobile,266,174,156,3,212.33,0.313,184
2026-02-26,Email,desktop,144,95,83,3,238.01,0.483,140
2026-02-26,Direct,tablet,220,139,117,4,402.61,0.432,48
2026-02-26,Referral,desktop,111,79,71,2,146.81,0.487,102
2026-02-27,Organic Search,mobile,863,605,537,17,1222.36,0.434,162
2026-02-27,Paid Search,tablet,294,226,159,5,355.17,0.368,81
2026-02-27,Paid Social,tablet,265,204,163,5,294.63,0.5,85
2026-02-27,Email,desktop,165,100,99,7,629.96,0.334,189
2026-02-27,Direct,desktop,213,125,107,5,417.07,0.346,161
2026-02-27,Referral,mobile,100,76,53,0,0.0,0.525,208
2026-02-28,Organic Search,mobile,828,603,428,13,1215.39,0.302,222
2026-02-28,Paid Search,desktop,355,253,228,2,152.57,0.4,71
2026-02-28,Paid Social,mobile,312,176,135,4,291.28,0.608,75
2026-02-28,Email,mobile,208,147,92,4,356.65,0.615,189
2026-02-28,Direct,desktop,267,188,114,7,542.42,0.452,246
2026-02-28,Referral,desktop,106,62,46,2,159.03,0.329,106
2026-03-01,Organic Search,tablet,801,542,482,16,1303.23,0.312,78
2026-03-01,Paid Search,desktop,411,313,270,20,1434.02,0.281,58
2026-03-01,Paid Social,desktop,311,196,187,6,329.86,0.534,121
2026-03-01,Email,mobile,191,119,93,10,918.49,0.327,218
2026-03-01,Direct,desktop,262,183,142,4,375.43,0.314,80
2026-03-01,Referral,desktop,125,76,64,4,288.98,0.593,109
2026-03-02,Organic Search,mobile,771,485,484,18,1670.73,0.468,103
2026-03-02,Paid Search,desktop,370,271,165,12,747.4,0.307,194
2026-03-02,Paid Social,mobile,291,182,139,6,432.99,0.328,251
2026-03-02,Email,mobile,158,112,95,7,609.57,0.39,67
2026-03-02,Direct,mobile,229,140,101,7,681.57,0.423,64
2026-03-02,Referral,mobile,108,77,61,2,163.97,0.537,151
2026-03-03,Organic Search,desktop,717,549,360,27,2319.85,0.296,58
2026-03-03,Paid Search,mobile,406,229,269,16,1227.83,0.379,58
2026-03-03,Paid Social,mobile,330,187,165,4,267.84,0.552,174
2026-03-03,Email,desktop,164,122,90,10,794.84,0.289,97
2026-03-03,Direct,desktop,201,134,130,5,440.92,0.559,78
2026-03-03,Referral,desktop,103,72,64,3,204.4,0.291,69
2026-03-04,Organic Search,desktop,759,503,389,16,1356.93,0.507,113
2026-03-04,Paid Search,mobile,389,267,195,14,1085.21,0.326,139
2026-03-04,Paid Social,tablet,283,211,130,4,208.27,0.591,142
2026-03-04,Email,mobile,175,131,115,5,457.73,0.467,248
2026-03-04,Direct,desktop,215,125,129,2,201.87,0.595,61
2026-03-04,Referral,mobile,100,69,43,2,161.12,0.579,219
2026-03-05,Organic Search,desktop,696,463,310,11,882.81,0.298,109
2026-03-05,Paid Search,desktop,303,221,131,15,1047.38,0.504,131
2026-03-05,Paid Social,desktop,312,177,202,8,510.88,0.47,256
2026-03-05,Email,desktop,178,120,89,1,88.93,0.37,85
2026-03-05,Direct,mobile,192,144,97,7,614.6,0.559,193
2026-03-05,Referral,mobile,103,57,69,4,321.76,0.287,215
2026-03-06,Organic Search,tablet,650,358,321,18,1497.93,0.382,111
2026-03-06,Paid Search,tablet,329,214,185,11,793.04,0.561,240
2026-03-06,Paid Social,mobile,319,207,192,6,400.77,0.535,190
2026-03-06,Email,mobile,167,110,95,8,714.68,0.324,220
2026-03-06,Direct,mobile,218,139,139,6,464.22,0.499,199
2026-03-06,Referral,mobile,128,94,76,5,378.65,0.616,253
2026-03-07,Organic Search,desktop,800,552,371,20,1610.39,0.575,68
2026-03-07,Paid Search,mobile,408,264,182,16,1174.5,0.297,48
2026-03-07,Paid Social,mobile,362,257,226,6,330.88,0.383,236
2026-03-07,Email,mobile,185,111,93,7,705.12,0.319,228
2026-03-07,Direct,mobile,269,169,149,9,838.98,0.595,178
2026-03-07,Referral,mobile,129,85,84,5,391.32,0.573,148
2026-03-08,Organic Search,desktop,807,585,368,15,1126.49,0.412,221
2026-03-08,Paid Search,desktop,441,250,273,15,1191.1,0.591,217
2026-03-08,Paid Social,tablet,389,283,192,6,414.35,0.31,54
2026-03-08,Email,desktop,188,122,92,7,545.09,0.598,45
2026-03-08,Direct,mobile,212,126,101,5,484.69,0.583,174
2026-03-08,Referral,mobile,131,76,65,3,196.06,0.433,224
2026-03-09,Organic Search,desktop,704,530,418,12,830.45,0.608,173
2026-03-09,Paid Search,mobile,327,184,207,13,970.66,0.374,51
2026-03-09,Paid Social,desktop,272,152,167,3,171.37,0.572,108
2026-03-09,Email,desktop,165,98,82,4,334.65,0.579,57
2026-03-09,Direct,mobile,221,166,131,5,420.39,0.324,126
2026-03-09,Referral,desktop,120,82,59,3,239.58,0.389,167
2026-03-10,Organic Search,tablet,656,472,304,13,927.37,0.312,119
2026-03-10,Paid Search,desktop,395,251,169,9,673.85,0.536,136
2026-03-10,Paid Social,desktop,277,153,147,3,192.32,0.513,58
2026-03-10,Email,mobile,153,107,81,10,936.96,0.617,207
2026-03-10,Direct,mobile,237,170,148,7,683.76,0.455,227
2026-03-10,Referral,mobile,113,82,75,3,230.79,0.598,239
2026-03-11,Organic Search,desktop,762,448,513,17,1496.43,0.43,90
2026-03-11,Paid Search,desktop,358,238,158,11,916.14,0.385,88
2026-03-11,Paid Social,desktop,287,187,176,4,229.75,0.375,244
2026-03-11,Email,mobile,129,80,57,2,189.25,0.454,117
2026-03-11,Direct,desktop,215,164,144,9,923.3,0.447,196
2026-03-11,Referral,tablet,100,77,44,4,256.45,0.458,244
2026-03-12,Organic Search,mobile,669,421,402,11,736.29,0.332,165
2026-03-12,Paid Search,desktop,337,245,177,4,265.63,0.386,83
2026-03-12,Paid Social,desktop,302,212,176,7,447.8,0.327,166
2026-03-12,Email,mobile,165,105,87,7,672.87,0.541,179
2026-03-12,Direct,mobile,203,145,114,4,428.6,0.492,147
2026-03-12,Referral,mobile,97,63,48,2,119.23,0.55,105
2026-03-13,Organic Search,desktop,654,457,378,16,1380.68,0.52,95
2026-03-13,Paid Search,mobile,368,225,189,13,867.64,0.553,139
2026-03-13,Paid Social,desktop,277,182,118,4,288.47,0.39,166
2026-03-13,Email,desktop,129,84,66,2,149.85,0.62,133
2026-03-13,Direct,desktop,245,135,129,11,1100.61,0.438,254
2026-03-13,Referral,tablet,85,63,56,0,0.0,0.455,157
2026-03-14,Organic Search,mobile,583,362,305,8,561.71,0.555,196
2026-03-14,Paid Search,desktop,435,320,282,18,1333.53,0.441,231
2026-03-14,Paid Social,desktop,324,200,179,6,366.25,0.354,231
2026-03-14,Email,mobile,175,104,98,10,754.82,0.589,159
2026-03-14,Direct,desktop,240,133,131,5,490.12,0.449,65
2026-03-14,Referral,desktop,120,71,69,4,254.86,0.311,233
2026-03-15,Organic Search,desktop,786,605,523,12,989.98,0.616,248
2026-03-15,Paid Search,desktop,404,251,183,12,838.69,0.311,152
2026-03-15,Paid Social,desktop,296,172,197,4,224.22,0.306,88
2026-03-15,Email,desktop,178,118,104,6,530.93,0.36,124
2026-03-15,Direct,desktop,254,166,172,14,1271.55,0.307,114
2026-03-15,Referral,desktop,111,63,59,1,75.94,0.401,228
2026-03-16,Organic Search,tablet,628,371,344,8,664.11,0.37,82
2026-03-16,Paid Search,desktop,330,224,185,10,634.11,0.525,92
2026-03-16,Paid Social,mobile,258,195,161,5,330.02,0.443,239
2026-03-16,Email,mobile,174,121,97,6,483.67,0.568,126
2026-03-16,Direct,desktop,171,123,77,5,428.12,0.362,101
2026-03-16,Referral,tablet,80,61,47,1,78.65,0.569,108
2026-03-17,Organic Search,desktop,638,468,428,11,905.32,0.32,214
2026-03-17,Paid Search,desktop,390,296,182,14,1004.86,0.339,51
2026-03-17,Paid Social,mobile,274,186,126,3,173.11,0.528,111
2026-03-17,Email,desktop,138,93,80,3,223.1,0.54,224
2026-03-17,Direct,mobile,212,132,121,7,743.26,0.38,186
2026-03-17,Referral,mobile,108,81,48,3,242.27,0.456,114
2026-03-18,Organic Search,tablet,630,418,390,13,1168.95,0.388,148
2026-03-18,Paid Search,mobile,356,268,185,10,742.73,0.443,216
2026-03-18,Paid Social,mobile,338,234,179,5,261.42,0.451,229
2026-03-18,Email,mobile,150,95,83,4,341.39,0.367,51
2026-03-18,Direct,mobile,217,140,105,6,554.68,0.477,46
2026-03-18,Referral,desktop,107,69,50,1,79.42,0.415,182
2026-03-19,Organic Search,mobile,631,405,353,20,1711.93,0.619,108
2026-03-19,Paid Search,mobile,319,220,215,16,1271.82,0.323,195
2026-03-19,Paid Social,mobile,269,197,120,1,62.38,0.307,200
2026-03-19,Email,mobile,162,99,89,9,688.91,0.315,89
2026-03-19,Direct,mobile,160,110,98,3,237.94,0.433,88
2026-03-19,Referral,mobile,91,59,40,1,75.05,0.304,254
2026-03-20,Organic Search,mobile,683,377,346,10,901.26,0.485,82
2026-03-20,Paid Search,mobile,331,256,141,15,943.39,0.338,127
2026-03-20,Paid Social,mobile,274,191,170,5,313.56,0.524,101
2026-03-20,Email,desktop,145,86,91,3,230.67,0.46,226
2026-03-20,Direct,mobile,212,139,141,10,1056.23,0.376,220
2026-03-20,Referral,mobile,95,61,60,3,248.27,0.443,218
2026-03-21,Organic Search,mobile,698,390,366,14,1195.74,0.282,121
2026-03-21,Paid Search,desktop,380,287,175,12,1035.07,0.486,63
2026-03-21,Paid Social,mobile,291,199,183,4,257.73,0.461,192
2026-03-21,Email,mobile,180,140,91,4,350.69,0.397,247
2026-03-21,Direct,mobile,240,176,116,1,97.09,0.598,214
2026-03-21,Referral,mobile,106,78,59,0,0.0,0.467,57
2026-03-22,Organic Search,desktop,683,520,304,11,871.66,0.566,60
2026-03-22,Paid Search,tablet,387,258,244,8,604.22,0.36,201
2026-03-22,Paid Social,mobile,324,243,179,4,213.24,0.503,56
2026-03-22,Email,tablet,143,109,71,7,549.76,0.464,186
2026-03-22,Direct,desktop,222,146,127,5,431.98,0.32,155
2026-03-22,Referral,desktop,99,58,60,3,177.85,0.457,113
2026-03-23,Organic Search,mobile,707,525,465,10,859.6,0.478,88
2026-03-23,Paid Search,mobile,340,238,174,8,642.11,0.333,212
2026-03-23,Paid Social,desktop,316,175,155,5,357.38,0.408,233
2026-03-23,Email,desktop,176,98,107,5,470.96,0.462,48
2026-03-23,Direct,desktop,200,124,93,4,384.85,0.409,85
2026-03-23,Referral,mobile,87,48,43,3,202.9,0.476,166
2026-03-24,Organic Search,mobile,680,420,338,11,992.94,0.59,68
2026-03-24,Paid Search,mobile,323,214,182,12,1028.84,0.502,186
2026-03-24,Paid Social,tablet,245,143,140,5,304.18,0.421,115
2026-03-24,Email,mobile,152,88,70,13,1018.2,0.588,104
2026-03-24,Direct,mobile,213,141,125,4,414.95,0.61,143
2026-03-24,Referral,mobile,90,54,58,2,122.71,0.378,159
2026-03-25,Organic Search,mobile,653,508,292,11,873.12,0.448,229
2026-03-25,Paid Search,mobile,326,213,189,7,498.51,0.42,85
2026-03-25,Paid Social,desktop,303,207,167,3,162.87,0.382,137
2026-03-25,Email,mobile,144,87,63,7,674.85,0.529,164
2026-03-25,Direct,desktop,186,112,104,4,392.72,0.444,153
2026-03-25,Referral,desktop,98,73,44,0,0.0,0.616,151
2026-03-26,Organic Search,mobile,633,490,307,12,818.69,0.512,45
2026-03-26,Paid Search,desktop,322,232,199,6,473.6,0.617,97
2026-03-26,Paid Social,mobile,256,150,151,1,63.67,0.476,110
2026-03-26,Email,mobile,141,89,90,7,516.07,0.446,61
2026-03-26,Direct,mobile,202,150,136,8,747.67,0.59,183
2026-03-26,Referral,desktop,88,58,53,0,0.0,0.428,84
2026-03-27,Organic Search,desktop,628,435,414,16,1366.53,0.389,229
2026-03-27,Paid Search,desktop,343,265,221,12,875.63,0.39,106
2026-03-27,Paid Social,mobile,299,195,165,8,523.87,0.586,68
2026-03-27,Email,mobile,155,97,72,4,338.19,0.391,103
2026-03-27,Direct,desktop,184,115,110,3,251.22,0.28,146
2026-03-27,Referral,desktop,95,73,62,1,69.85,0.567,217
2026-03-28,Organic Search,mobile,527,395,342,10,705.5,0.513,242
2026-03-28,Paid Search,desktop,420,286,221,14,1165.46,0.373,78
2026-03-28,Paid Social,tablet,316,194,186,2,109.35,0.306,233
2026-03-28,Email,mobile,172,124,105,7,558.56,0.434,229
2026-03-28,Direct,mobile,206,124,125,6,591.87,0.416,147
2026-03-28,Referral,mobile,110,85,58,1,61.88,0.381,63
2026-03-29,Organic Search,desktop,673,423,421,14,1272.63,0.473,86
2026-03-29,Paid Search,desktop,388,258,177,13,883.18,0.488,60
2026-03-29,Paid Social,mobile,293,178,169,3,214.23,0.397,95
2026-03-29,Email,desktop,204,144,88,8,620.46,0.357,212
2026-03-29,Direct,desktop,239,133,127,10,808.79,0.347,158
2026-03-29,Referral,mobile,75,57,42,5,301.12,0.597,152
2026-03-30,Organic Search,mobile,552,368,294,12,982.22,0.353,197
2026-03-30,Paid Search,mobile,318,175,170,5,360.26,0.308,104
2026-03-30,Paid Social,desktop,247,192,162,8,563.06,0.388,206
2026-03-30,Email,mobile,136,90,57,9,726.17,0.342,85
2026-03-30,Direct,desktop,220,159,117,2,184.17,0.557,201
2026-03-30,Referral,desktop,86,55,49,2,141.82,0.6,137
2026-03-31,Organic Search,desktop,650,432,364,16,1180.77,0.506,196
2026-03-31,Paid Search,mobile,303,179,159,16,1218.54,0.382,191
2026-03-31,Paid Social,desktop,282,208,123,2,110.36,0.579,136
2026-03-31,Email,mobile,155,99,77,6,452.5,0.544,88
2026-03-31,Direct,mobile,185,107,81,6,584.54,0.288,104
2026-03-31,Referral,mobile,90,55,55,0,0.0,0.361,140
2026-04-01,Organic Search,desktop,615,372,369,13,1058.66,0.355,191
2026-04-01,Paid Search,mobile,390,227,224,12,994.42,0.567,68
2026-04-01,Paid Social,desktop,265,206,126,4,230.35,0.515,148
2026-04-01,Email,mobile,139,104,87,4,306.75,0.579,197
2026-04-01,Direct,desktop,190,109,113,2,184.36,0.412,247
2026-04-01,Referral,mobile,93,67,55,2,136.12,0.335,104
2026-04-02,Organic Search,mobile,635,399,302,15,1111.9,0.538,180
2026-04-02,Paid Search,desktop,308,214,141,12,925.42,0.344,229
2026-04-02,Paid Social,desktop,244,189,136,5,342.84,0.503,193
2026-04-02,Email,mobile,123,74,83,3,289.93,0.363,122
2026-04-02,Direct,desktop,196,114,107,3,232.93,0.406,113
2026-04-02,Referral,desktop,83,57,36,3,218.13,0.42,144
2026-04-03,Organic Search,mobile,545,414,357,9,636.17,0.384,116
2026-04-03,Paid Search,desktop,282,214,125,11,868.28,0.401,173
2026-04-03,Paid Social,desktop,248,163,126,2,132.01,0.541,80
2026-04-03,Email,mobile,144,104,84,6,469.84,0.461,88
2026-04-03,Direct,mobile,174,107,95,5,456.41,0.593,225
2026-04-03,Referral,mobile,89,61,51,1,72.95,0.289,46
2026-04-04,Organic Search,desktop,691,463,400,18,1286.81,0.581,209
2026-04-04,Paid Search,tablet,340,211,177,22,1473.72,0.562,79
2026-04-04,Paid Social,mobile,325,210,183,6,346.29,0.467,163
2026-04-04,Email,desktop,168,98,77,4,394.02,0.454,179
2026-04-04,Direct,mobile,221,147,109,5,467.29,0.615,93
2026-04-04,Referral,desktop,102,64,61,2,137.43,0.298,245
2026-04-05,Organic Search,tablet,663,428,440,12,1044.2,0.397,123
2026-04-05,Paid Search,mobile,334,236,196,16,1206.3,0.38,49
2026-04-05,Paid Social,mobile,347,226,160,5,348.57,0.338,176
2026-04-05,Email,desktop,149,85,98,8,583.85,0.452,178
2026-04-05,Direct,desktop,207,140,116,5,420.8,0.592,254
2026-04-05,Referral,mobile,108,64,58,2,119.98,0.294,93
2026-04-06,Organic Search,mobile,505,343,253,10,890.94,0.585,148
2026-04-06,Paid Search,mobile,296,207,131,8,502.25,0.281,114
2026-04-06,Paid Social,desktop,273,169,185,2,121.43,0.501,202
2026-04-06,Email,desktop,152,87,76,7,672.1,0.296,82
2026-04-06,Direct,desktop,172,94,94,6,537.66,0.281,189
2026-04-06,Referral,mobile,79,43,44,2,146.69,0.512,71
2026-04-07,Organic Search,desktop,559,432,299,13,1054.57,0.367,82
2026-04-07,Paid Search,desktop,272,160,115,12,756.46,0.305,142
2026-04-07,Paid Social,desktop,303,230,159,4,210.63,0.38,71
2026-04-07,Email,desktop,123,70,54,5,377.23,0.282,86
2026-04-07,Direct,mobile,177,134,93,6,583.9,0.343,68
2026-04-07,Referral,desktop,93,54,46,1,69.78,0.502,154
2026-04-08,Organic Search,mobile,632,467,344,9,794.25,0.536,233
2026-04-08,Paid Search,desktop,283,183,133,11,716.13,0.581,124
2026-04-08,Paid Social,desktop,280,210,184,8,564.29,0.561,229
2026-04-08,Email,desktop,134,91,81,6,597.32,0.383,257
2026-04-08,Direct,mobile,158,90,98,3,290.19,0.393,141
2026-04-08,Referral,mobile,92,66,52,1,64.98,0.311,164
2026-04-09,Organic Search,mobile,520,326,220,23,1709.85,0.343,105
2026-04-09,Paid Search,desktop,295,205,150,5,421.66,0.418,115
2026-04-09,Paid Social,desktop,256,191,110,2,129.42,0.593,139
2026-04-09,Email,mobile,130,93,62,4,376.81,0.516,188
2026-04-09,Direct,mobile,189,118,81,6,521.07,0.304,200
2026-04-09,Referral,mobile,88,52,57,2,148.74,0.587,244
2026-04-10,Organic Search,tablet,522,330,330,7,491.27,0.586,235
2026-04-10,Paid Search,mobile,275,200,174,6,517.95,0.29,173
2026-04-10,Paid Social,desktop,234,142,142,5,282.64,0.517,213
2026-04-10,Email,tablet,114,83,50,4,394.99,0.471,128
2026-04-10,Direct,desktop,147,95,77,3,297.77,0.294,191
2026-04-10,Referral,desktop,86,50,48,1,62.6,0.357,220
2026-04-11,Organic Search,desktop,648,405,303,14,940.15,0.606,76
2026-04-11,Paid Search,tablet,338,223,210,15,1162.18,0.603,220
2026-04-11,Paid Social,desktop,322,203,172,5,337.36,0.311,223
2026-04-11,Email,mobile,158,92,71,9,838.08,0.607,103
2026-04-11,Direct,mobile,177,119,94,4,404.63,0.339,245
2026-04-11,Referral,desktop,100,69,46,2,122.65,0.316,204
2026-04-12,Organic Search,desktop,685,502,312,10,835.69,0.301,248
2026-04-12,Paid Search,desktop,348,201,165,12,1036.46,0.289,45
2026-04-12,Paid Social,mobile,239,180,157,2,121.3,0.534,112
2026-04-12,Email,desktop,177,110,113,12,964.85,0.288,99
2026-04-12,Direct,mobile,205,118,119,5,413.58,0.416,213
2026-04-12,Referral,desktop,91,61,49,0,0.0,0.34,86
2026-04-13,Organic Search,desktop,614,400,297,14,1035.87,0.591,110
2026-04-13,Paid Search,desktop,303,223,154,11,769.32,0.565,206
2026-04-13,Paid Social,desktop,278,176,116,5,323.13,0.484,163
2026-04-13,Email,mobile,146,101,86,4,293.17,0.399,82
2026-04-13,Direct,desktop,176,109,89,3,320.86,0.404,66
2026-04-13,Referral,mobile,75,45,44,0,0.0,0.33,49
2026-04-14,Organic Search,desktop,469,293,212,13,1163.81,0.536,195
2026-04-14,Paid Search,mobile,281,200,170,11,754.87,0.446,176
2026-04-14,Paid Social,mobile,271,185,114,5,356.95,0.421,168
2026-04-14,Email,mobile,133,75,86,6,526.58,0.3,173
2026-04-14,Direct,mobile,185,103,111,6,583.94,0.357,139
2026-04-14,Referral,mobile,97,54,51,2,146.98,0.284,175
2026-04-15,Organic Search,mobile,546,307,272,8,622.29,0.304,69
2026-04-15,Paid Search,mobile,286,204,123,9,731.55,0.547,125
2026-04-15,Paid Social,desktop,279,190,123,2,141.42,0.431,172
2026-04-15,Email,mobile,136,81,89,3,280.06,0.422,48
2026-04-15,Direct,mobile,173,103,103,7,687.97,0.563,177
2026-04-15,Referral,mobile,86,58,47,1,72.61,0.537,124
2026-04-16,Organic Search,mobile,572,337,327,5,341.03,0.346,210
2026-04-16,Paid Search,mobile,289,165,161,13,890.96,0.322,238
2026-04-16,Paid Social,mobile,232,171,103,4,253.2,0.421,239
2026-04-16,Email,mobile,134,92,83,11,1007.27,0.315,87
2026-04-16,Direct,mobile,196,112,87,3,238.6,0.582,217
2026-04-16,Referral,desktop,83,51,54,1,80.06,0.511,237
2026-04-17,Organic Search,mobile,600,414,356,13,1117.28,0.498,214
2026-04-17,Paid Search,mobile,293,165,137,18,1540.42,0.293,127
2026-04-17,Paid Social,mobile,249,141,144,3,170.9,0.298,62
2026-04-17,Email,desktop,76,49,39,2,186.68,0.552,233
2026-04-17,Direct,tablet,179,107,76,5,502.04,0.31,259
2026-04-17,Referral,mobile,67,50,32,3,234.97,0.556,144
2026-04-18,Organic Search,desktop,566,328,254,14,1126.71,0.588,186
2026-04-18,Paid Search,desktop,330,227,203,11,874.7,0.52,223
2026-04-18,Paid Social,desktop,286,191,125,6,378.18,0.55,109
2026-04-18,Email,mobile,170,109,102,9,688.64,0.405,79
2026-04-18,Direct,desktop,229,153,143,5,439.76,0.502,163
2026-04-18,Referral,mobile,77,51,41,1,66.69,0.372,166
2026-04-19,Organic Search,desktop,600,459,286,14,1308.44,0.574,50
2026-04-19,Paid Search,mobile,306,226,174,11,743.18,0.485,51
2026-04-19,Paid Social,desktop,241,169,122,5,272.95,0.346,181
2026-04-19,Email,desktop,120,70,55,5,382.93,0.522,105
2026-04-19,Direct,desktop,205,149,137,2,171.3,0.334,226
2026-04-19,Referral,mobile,102,69,56,0,0.0,0.32,225
2026-04-20,Organic Search,mobile,483,358,206,11,868.9,0.58,181
2026-04-20,Paid Search,mobile,291,168,194,9,612.62,0.37,172
2026-04-20,Paid Social,desktop,241,180,119,0,0.0,0.383,165
2026-04-20,Email,desktop,140,103,90,11,865.53,0.385,98
2026-04-20,Direct,mobile,172,104,89,7,695.9,0.482,76
2026-04-20,Referral,mobile,73,44,31,1,74.4,0.398,142
2026-04-21,Organic Search,desktop,488,316,286,6,507.23,0.385,48
2026-04-21,Paid Search,desktop,228,141,136,9,615.77,0.491,216
2026-04-21,Paid Social,mobile,228,153,154,3,203.95,0.397,79
2026-04-21,Email,tablet,124,83,78,6,493.0,0.295,126
2026-04-21,Direct,mobile,184,105,110,9,860.1,0.408,169
2026-04-21,Referral,mobile,88,64,47,2,124.86,0.301,152
2026-04-22,Organic Search,desktop,563,411,361,15,998.65,0.493,70
2026-04-22,Paid Search,mobile,261,192,160,17,1423.08,0.325,233
2026-04-22,Paid Social,desktop,280,163,126,3,179.16,0.435,71
2026-04-22,Email,mobile,136,102,89,3,251.76,0.434,46
2026-04-22,Direct,desktop,165,105,73,4,364.42,0.465,227
2026-04-22,Referral,desktop,80,44,36,3,240.2,0.496,131
2026-04-23,Organic Search,desktop,489,306,315,8,593.47,0.326,242
2026-04-23,Paid Search,desktop,276,163,174,10,702.15,0.303,229
2026-04-23,Paid Social,mobile,251,171,110,5,311.73,0.362,119
2026-04-23,Email,mobile,113,65,65,9,741.71,0.302,160
2026-04-23,Direct,desktop,168,113,79,7,637.24,0.609,255
2026-04-23,Referral,desktop,92,63,40,1,81.64,0.42,208
2026-04-24,Organic Search,desktop,494,369,207,8,680.42,0.396,59
2026-04-24,Paid Search,desktop,265,178,119,9,715.26,0.37,115
2026-04-24,Paid Social,mobile,265,157,123,2,110.39,0.313,182
2026-04-24,Email,desktop,124,90,62,7,665.41,0.525,122
2026-04-24,Direct,desktop,172,98,92,0,0.0,0.514,165
2026-04-24,Referral,mobile,86,64,50,1,67.0,0.518,255
2026-04-25,Organic Search,desktop,572,370,303,16,1217.69,0.406,137
2026-04-25,Paid Search,mobile,292,215,172,11,872.63,0.369,178
2026-04-25,Paid Social,mobile,301,174,141,1,60.72,0.548,76
2026-04-25,Email,desktop,164,109,90,5,378.63,0.51,130
2026-04-25,Direct,mobile,180,134,77,5,482.09,0.364,78
2026-04-25,Referral,desktop,95,56,50,1,72.3,0.33,154
2026-04-26,Organic Search,desktop,669,415,359,19,1513.83,0.558,93
2026-04-26,Paid Search,mobile,270,174,160,10,773.3,0.34,52
2026-04-26,Paid Social,mobile,292,166,193,6,359.6,0.563,89
2026-04-26,Email,desktop,161,122,106,4,342.31,0.363,235
2026-04-26,Direct,mobile,191,135,102,3,308.59,0.293,51
2026-04-26,Referral,desktop,97,66,41,2,127.45,0.503,206
2026-04-27,Organic Search,desktop,478,292,249,12,979.29,0.452,253
2026-04-27,Paid Search,mobile,263,188,173,18,1161.33,0.551,217
2026-04-27,Paid Social,mobile,229,176,108,4,221.22,0.526,64
2026-04-27,Email,mobile,139,87,84,7,695.73,0.332,193
2026-04-27,Direct,mobile,156,111,85,3,268.22,0.574,68
2026-04-27,Referral,mobile,75,55,42,1,69.2,0.606,154
2026-04-28,Organic Search,mobile,437,278,232,6,514.72,0.577,239
2026-04-28,Paid Search,mobile,306,188,179,14,1031.38,0.514,211
2026-04-28,Paid Social,desktop,240,155,117,3,215.93,0.453,146
2026-04-28,Email,mobile,121,81,54,5,420.59,0.35,163
2026-04-28,Direct,desktop,161,90,108,3,251.59,0.381,233
2026-04-28,Referral,desktop,83,59,53,2,125.67,0.578,104
2026-04-29,Organic Search,mobile,521,310,237,10,699.4,0.484,208
2026-04-29,Paid Search,mobile,260,176,164,6,367.56,0.458,86
2026-04-29,Paid Social,mobile,271,162,159,0,0.0,0.428,248
2026-04-29,Email,mobile,121,79,57,7,570.03,0.459,188
2026-04-29,Direct,desktop,152,84,68,4,326.79,0.42,139
2026-04-29,Referral,mobile,80,55,41,1,79.28,0.476,151
2026-04-30,Organic Search,desktop,591,435,282,13,1028.22,0.512,208
2026-04-30,Paid Search,mobile,250,165,122,11,804.05,0.526,154
2026-04-30,Paid Social,tablet,231,166,139,4,280.44,0.365,203
2026-04-30,Email,mobile,100,64,57,5,373.91,0.295,214
2026-04-30,Direct,desktop,187,117,115,8,806.06,0.611,236
2026-04-30,Referral,desktop,73,40,49,2,158.31,0.335,227
2026-05-01,Organic Search,mobile,466,306,241,14,1053.18,0.477,233
2026-05-01,Paid Search,mobile,242,185,104,9,729.15,0.33,83
2026-05-01,Paid Social,desktop,251,165,153,3,175.02,0.609,141
2026-05-01,Email,tablet,109,68,74,1,86.48,0.308,103
2026-05-01,Direct,mobile,146,82,78,2,192.1,0.452,204
2026-05-01,Referral,desktop,64,48,35,2,119.02,0.47,200
2026-05-02,Organic Search,mobile,648,392,413,8,613.61,0.57,76
2026-05-02,Paid Search,mobile,352,230,180,16,1155.87,0.515,168
2026-05-02,Paid Social,mobile,244,184,146,5,323.98,0.427,179
2026-05-02,Email,desktop,136,105,91,7,654.01,0.341,147
2026-05-02,Direct,tablet,183,141,117,4,397.69,0.428,217
2026-05-02,Referral,desktop,74,44,36,1,59.07,0.319,103
2026-05-03,Organic Search,mobile,587,337,378,7,466.03,0.523,100
2026-05-03,Paid Search,desktop,345,267,156,15,1010.57,0.371,218
2026-05-03,Paid Social,mobile,278,180,117,6,385.78,0.349,195
2026-05-03,Email,desktop,144,108,82,5,374.94,0.519,215
2026-05-03,Direct,mobile,186,137,88,6,483.2,0.304,50
2026-05-03,Referral,tablet,81,56,54,2,142.46,0.408,173
2026-05-04,Organic Search,mobile,513,332,259,8,715.95,0.367,198
2026-05-04,Paid Search,desktop,311,184,198,9,666.47,0.428,191
2026-05-04,Paid Social,desktop,228,172,97,4,283.21,0.482,222
2026-05-04,Email,mobile,107,82,69,4,338.65,0.3,236
2026-05-04,Direct,tablet,172,105,87,5,475.4,0.36,178
2026-05-04,Referral,mobile,84,55,46,1,73.28,0.333,78
2026-05-05,Organic Search,desktop,450,312,262,12,1070.97,0.493,141
2026-05-05,Paid Search,mobile,255,164,115,8,496.57,0.374,206
2026-05-05,Paid Social,mobile,252,170,161,2,145.42,0.285,173
2026-05-05,Email,mobile,130,89,66,0,0.0,0.313,176
2026-05-05,Direct,mobile,130,92,55,5,531.66,0.429,62
2026-05-05,Referral,mobile,75,48,36,1,80.62,0.51,113
2026-05-06,Organic Search,mobile,424,279,268,7,575.51,0.438,255
2026-05-06,Paid Search,desktop,256,164,143,10,707.93,0.411,177
2026-05-06,Paid Social,mobile,244,162,131,5,349.59,0.407,115
2026-05-06,Email,mobile,109,75,61,3,263.21,0.334,132
2026-05-06,Direct,desktop,139,88,90,4,430.44,0.424,214
2026-05-06,Referral,tablet,71,44,31,0,0.0,0.345,71
2026-05-07,Organic Search,mobile,444,339,243,8,652.34,0.285,230
2026-05-07,Paid Search,mobile,302,200,175,16,1140.77,0.335,57
2026-05-07,Paid Social,desktop,223,168,134,5,295.47,0.484,62
2026-05-07,Email,desktop,112,66,74,4,369.01,0.419,74
2026-05-07,Direct,mobile,169,105,80,3,318.6,0.309,114
2026-05-07,Referral,desktop,67,44,28,1,75.1,0.473,139
2026-05-08,Organic Search,desktop,420,279,179,10,692.68,0.301,185
2026-05-08,Paid Search,desktop,238,182,159,6,459.22,0.494,178
2026-05-08,Paid Social,desktop,230,137,105,6,312.87,0.485,248
2026-05-08,Email,desktop,114,80,57,7,653.19,0.555,257
2026-05-08,Direct,desktop,137,94,81,5,527.8,0.399,185
2026-05-08,Referral,mobile,78,56,48,1,66.71,0.337,101
2026-05-09,Organic Search,mobile,508,393,245,12,1023.89,0.499,196
2026-05-09,Paid Search,mobile,277,156,135,10,750.24,0.483,127
2026-05-09,Paid Social,mobile,250,178,151,5,362.48,0.321,180
2026-05-09,Email,desktop,151,93,85,9,737.01,0.34,168
2026-05-09,Direct,desktop,186,126,104,5,477.1,0.543,122
2026-05-09,Referral,tablet,81,55,34,1,77.63,0.52,253
2026-05-10,Organic Search,desktop,510,370,256,12,813.47,0.282,57
2026-05-10,Paid Search,mobile,297,225,164,14,1116.09,0.413,230
2026-05-10,Paid Social,desktop,215,162,123,6,369.32,0.556,56
2026-05-10,Email,desktop,136,77,91,6,471.33,0.609,127
2026-05-10,Direct,mobile,190,128,128,5,463.62,0.314,157
2026-05-10,Referral,mobile,85,58,55,0,0.0,0.322,80
2026-05-11,Organic Search,tablet,405,291,263,11,788.58,0.309,94
2026-05-11,Paid Search,mobile,280,178,141,8,687.1,0.355,124
2026-05-11,Paid Social,desktop,244,155,156,4,242.13,0.338,47
2026-05-11,Email,desktop,104,66,65,8,671.63,0.521,188
2026-05-11,Direct,mobile,157,115,84,10,810.31,0.605,218
2026-05-11,Referral,mobile,79,47,46,2,130.42,0.342,115
2026-05-12,Organic Search,desktop,390,289,241,7,555.61,0.394,95
2026-05-12,Paid Search,desktop,278,169,158,6,373.97,0.498,167
2026-05-12,Paid Social,mobile,247,190,141,4,276.28,0.585,127
2026-05-12,Email,desktop,94,65,49,7,678.53,0.379,259
2026-05-12,Direct,mobile,180,134,89,6,489.03,0.424,111
2026-05-12,Referral,mobile,72,43,43,1,75.87,0.54,65
2026-05-13,Organic Search,mobile,554,347,342,13,1060.1,0.53,259
2026-05-13,Paid Search,mobile,266,191,170,8,522.96,0.479,141
2026-05-13,Paid Social,mobile,220,168,116,2,126.53,0.287,153
2026-05-13,Email,desktop,126,88,64,2,200.02,0.594,114
2026-05-13,Direct,mobile,145,102,74,3,256.95,0.39,80
2026-05-13,Referral,mobile,71,43,40,2,163.47,0.324,235
2026-05-14,Organic Search,desktop,430,273,219,14,1160.01,0.417,161
2026-05-14,Paid Search,mobile,250,173,138,10,763.56,0.557,59
2026-05-14,Paid Social,desktop,216,132,101,2,126.07,0.326,186
2026-05-14,Email,mobile,117,72,54,4,311.71,0.347,125
2026-05-14,Direct,mobile,147,93,85,6,572.84,0.379,196
2026-05-14,Referral,mobile,80,62,51,2,146.33,0.462,155
2026-05-15,Organic Search,mobile,361,243,156,11,943.03,0.297,235
2026-05-15,Paid Search,mobile,274,152,155,7,539.34,0.59,121
2026-05-15,Paid Social,mobile,234,129,112,5,301.14,0.503,176
2026-05-15,Email,mobile,120,68,55,8,786.07,0.551,70
2026-05-15,Direct,desktop,169,107,82,3,293.79,0.615,192
2026-05-15,Referral,desktop,77,53,41,3,210.52,0.461,142
2026-05-16,Organic Search,desktop,496,287,259,8,618.31,0.49,111
2026-05-16,Paid Search,mobile,379,293,204,7,434.9,0.414,245
2026-05-16,Paid Social,mobile,298,230,158,4,225.47,0.581,122
2026-05-16,Email,mobile,134,101,78,3,293.75,0.466,106
2026-05-16,Direct,desktop,191,118,106,5,428.84,0.324,52
2026-05-16,Referral,mobile,96,65,52,2,124.12,0.374,186
2026-05-17,Organic Search,tablet,532,402,337,6,425.55,0.546,241
2026-05-17,Paid Search,mobile,319,237,178,12,778.52,0.307,250
2026-05-17,Paid Social,desktop,303,191,157,2,108.78,0.548,163
2026-05-17,Email,desktop,128,77,62,3,279.32,0.571,238
2026-05-17,Direct,desktop,165,128,102,3,262.75,0.455,161
2026-05-17,Referral,mobile,75,51,42,2,152.91,0.312,172
2026-05-18,Organic Search,mobile,500,298,324,6,415.1,0.347,105
2026-05-18,Paid Search,mobile,228,135,154,7,592.27,0.563,184
2026-05-18,Paid Social,mobile,246,135,131,3,169.88,0.592,234
2026-05-18,Email,desktop,126,73,54,6,493.57,0.441,150
2026-05-18,Direct,mobile,162,104,93,5,503.19,0.554,69
2026-05-18,Referral,mobile,68,46,29,4,234.94,0.352,83
2026-05-19,Organic Search,desktop,514,303,324,10,768.73,0.457,148
2026-05-19,Paid Search,desktop,249,188,137,10,805.74,0.38,214
2026-05-19,Paid Social,mobile,248,145,105,15,1021.85,0.317,238
2026-05-19,Email,mobile,131,87,77,4,371.73,0.344,140
2026-05-19,Direct,mobile,119,91,76,4,386.25,0.465,57
2026-05-19,Referral,mobile,81,54,52,1,59.13,0.3,120
2026-05-20,Organic Search,desktop,431,255,206,12,921.05,0.339,68
2026-05-20,Paid Search,tablet,246,137,124,9,737.38,0.324,102
2026-05-20,Paid Social,desktop,253,176,170,3,189.62,0.299,69
2026-05-20,Email,mobile,115,81,57,5,492.17,0.382,114
2026-05-20,Direct,mobile,153,116,75,3,260.31,0.581,52
2026-05-20,Referral,mobile,71,54,41,0,0.0,0.283,255
2026-05-21,Organic Search,desktop,421,233,216,11,777.49,0.549,164
2026-05-21,Paid Search,mobile,259,201,150,8,672.19,0.559,219
2026-05-21,Paid Social,mobile,256,158,154,4,292.64,0.615,155
2026-05-21,Email,mobile,112,86,69,3,293.28,0.541,204
2026-05-21,Direct,mobile,151,97,95,5,502.4,0.567,113
2026-05-21,Referral,mobile,81,47,42,3,241.29,0.297,225
2026-05-22,Organic Search,desktop,495,373,282,2,159.73,0.603,168
2026-05-22,Paid Search,desktop,247,187,124,10,675.98,0.302,127
2026-05-22,Paid Social,mobile,234,172,111,1,56.42,0.539,215
2026-05-22,Email,mobile,119,80,63,6,593.37,0.329,141
2026-05-22,Direct,mobile,169,117,93,3,321.42,0.417,145
2026-05-22,Referral,desktop,72,55,47,6,448.95,0.434,227
2026-05-23,Organic Search,desktop,495,328,294,9,604.49,0.424,132
2026-05-23,Paid Search,mobile,245,167,123,6,454.54,0.334,158
2026-05-23,Paid Social,mobile,287,186,158,4,239.26,0.506,138
2026-05-23,Email,desktop,126,76,61,5,479.14,0.541,139
2026-05-23,Direct,desktop,205,115,107,6,486.63,0.37,174
2026-05-23,Referral,desktop,82,53,41,2,136.46,0.531,139
2026-05-24,Organic Search,mobile,551,367,297,18,1580.02,0.478,161
2026-05-24,Paid Search,desktop,305,224,196,14,1156.23,0.424,240
2026-05-24,Paid Social,desktop,307,193,174,8,458.3,0.376,181
2026-05-24,Email,mobile,149,94,100,3,222.37,0.31,249
2026-05-24,Direct,desktop,164,97,106,5,508.31,0.38,153
2026-05-24,Referral,desktop,85,65,51,2,128.85,0.522,152
2026-05-25,Organic Search,mobile,482,335,294,13,996.6,0.372,86
2026-05-25,Paid Search,desktop,220,145,105,10,697.54,0.601,51
2026-05-25,Paid Social,mobile,263,187,127,3,191.04,0.504,254
2026-05-25,Email,mobile,111,75,55,9,697.33,0.549,76
2026-05-25,Direct,mobile,169,130,101,5,482.88,0.395,101
2026-05-25,Referral,mobile,54,33,34,0,0.0,0.316,104
2026-05-26,Organic Search,mobile,461,276,277,13,1068.18,0.444,101
2026-05-26,Paid Search,mobile,278,168,177,11,683.99,0.323,152
2026-05-26,Paid Social,desktop,227,125,106,5,262.82,0.295,101
2026-05-26,Email,desktop,108,62,63,9,893.55,0.373,51
2026-05-26,Direct,mobile,168,94,86,3,299.52,0.504,160
2026-05-26,Referral,desktop,58,33,30,1,60.44,0.606,110
2026-05-27,Organic Search,desktop,494,379,292,9,748.74,0.562,154
2026-05-27,Paid Search,tablet,227,132,119,12,1030.87,0.581,55
2026-05-27,Paid Social,mobile,233,163,121,4,279.61,0.346,84
2026-05-27,Email,desktop,116,82,57,2,152.83,0.492,110
2026-05-27,Direct,desktop,166,99,96,3,297.78,0.455,173
2026-05-27,Referral,mobile,76,49,37,2,146.95,0.581,57
2026-05-28,Organic Search,mobile,473,299,230,14,982.44,0.368,193
2026-05-28,Paid Search,mobile,252,185,139,6,373.68,0.497,77
2026-05-28,Paid Social,mobile,255,185,166,8,569.05,0.431,130
2026-05-28,Email,mobile,111,85,68,8,793.97,0.506,229
2026-05-28,Direct,tablet,145,82,93,3,244.98,0.443,94
2026-05-28,Referral,mobile,66,49,32,2,151.22,0.465,220
2026-05-29,Organic Search,mobile,341,263,207,6,398.17,0.362,209
2026-05-29,Paid Search,desktop,234,162,110,12,859.35,0.363,149
2026-05-29,Paid Social,mobile,274,211,157,4,255.62,0.389,45
2026-05-29,Email,tablet,115,76,50,3,250.42,0.566,143
2026-05-29,Direct,mobile,176,125,118,6,539.25,0.535,240
2026-05-29,Referral,mobile,67,45,38,2,159.9,0.5,95
2026-05-30,Organic Search,mobile,520,398,239,9,627.56,0.613,136
2026-05-30,Paid Search,desktop,277,180,187,3,201.94,0.613,257
2026-05-30,Paid Social,desktop,264,149,150,5,359.55,0.339,144
2026-05-30,Email,mobile,118,66,57,2,193.31,0.306,158
2026-05-30,Direct,mobile,195,116,91,7,697.33,0.289,100
2026-05-30,Referral,mobile,78,53,38,3,228.68,0.323,246
2026-05-31,Organic Search,desktop,445,285,270,9,771.27,0.346,248
2026-05-31,Paid Search,desktop,324,230,187,12,1007.42,0.552,222
2026-05-31,Paid Social,desktop,318,215,137,4,231.53,0.368,105
2026-05-31,Email,mobile,118,80,57,6,444.76,0.454,156
2026-05-31,Direct,mobile,180,124,121,4,340.13,0.397,129
2026-05-31,Referral,tablet,80,48,41,2,164.45,0.349,129
2026-06-01,Organic Search,desktop,431,295,241,11,917.14,0.474,160
2026-06-01,Paid Search,mobile,260,188,143,7,592.21,0.407,133
2026-06-01,Paid Social,desktop,252,177,161,6,426.89,0.457,179
2026-06-01,Email,desktop,131,78,55,4,355.35,0.382,124
2026-06-01,Direct,desktop,135,94,90,8,788.95,0.486,95
2026-06-01,Referral,desktop,86,58,45,1,77.57,0.392,242
2026-06-02,Organic Search,mobile,463,328,214,12,871.23,0.351,243
2026-06-02,Paid Search,tablet,269,154,177,10,705.96,0.3,250
2026-06-02,Paid Social,desktop,244,187,113,1,60.2,0.298,129
2026-06-02,Email,desktop,111,82,66,6,472.41,0.538,166
2026-06-02,Direct,desktop,168,124,111,9,963.91,0.346,202
2026-06-02,Referral,tablet,66,38,44,1,67.62,0.424,205
2026-06-03,Organic Search,mobile,418,275,240,8,553.49,0.337,131
2026-06-03,Paid Search,mobile,292,177,179,11,675.59,0.514,134
2026-06-03,Paid Social,desktop,257,141,130,4,226.12,0.438,206
2026-06-03,Email,desktop,126,88,65,9,726.26,0.291,111
2026-06-03,Direct,tablet,154,117,99,4,314.06,0.465,58
2026-06-03,Referral,desktop,86,51,51,3,210.41,0.345,182
2026-06-04,Organic Search,mobile,420,251,251,6,463.36,0.529,80
2026-06-04,Paid Search,mobile,276,174,175,10,647.5,0.288,55
2026-06-04,Paid Social,desktop,267,196,125,6,397.53,0.319,237
2026-06-04,Email,desktop,117,88,63,5,501.27,0.321,207
2026-06-04,Direct,mobile,142,91,79,3,292.79,0.476,200
2026-06-04,Referral,tablet,75,48,41,0,0.0,0.338,127
2026-06-05,Organic Search,mobile,535,347,303,11,863.75,0.518,58
2026-06-05,Paid Search,tablet,251,181,169,9,589.23,0.48,224
2026-06-05,Paid Social,desktop,305,181,184,6,398.94,0.45,181
2026-06-05,Email,mobile,109,80,72,4,296.6,0.375,226
2026-06-05,Direct,desktop,149,93,83,3,324.17,0.481,46
2026-06-05,Referral,mobile,76,53,46,1,77.94,0.599,82
2026-06-06,Organic Search,mobile,476,296,251,5,390.73,0.511,68
2026-06-06,Paid Search,mobile,276,157,126,8,505.51,0.604,236
2026-06-06,Paid Social,mobile,333,253,196,8,526.37,0.451,128
2026-06-06,Email,mobile,142,89,76,6,432.91,0.376,94
2026-06-06,Direct,mobile,207,127,130,3,311.07,0.467,211
2026-06-06,Referral,mobile,87,49,54,1,81.15,0.417,235
2026-06-07,Organic Search,mobile,514,301,338,4,267.2,0.544,79
2026-06-07,Paid Search,mobile,292,179,165,14,1160.27,0.378,158
2026-06-07,Paid Social,desktop,282,180,159,3,190.81,0.316,177
2026-06-07,Email,mobile,146,94,66,9,826.46,0.535,101
2026-06-07,Direct,desktop,193,114,127,4,323.59,0.603,69
2026-06-07,Referral,mobile,99,54,49,1,70.83,0.534,163
2026-06-08,Organic Search,mobile,506,349,297,13,1142.9,0.33,190
2026-06-08,Paid Search,mobile,251,188,125,11,741.67,0.421,124
2026-06-08,Paid Social,mobile,302,214,189,9,620.85,0.416,249
2026-06-08,Email,mobile,116,70,67,5,410.15,0.462,45
2026-06-08,Direct,mobile,136,79,72,4,376.23,0.295,232
2026-06-08,Referral,desktop,87,63,51,1,68.56,0.462,55
2026-06-09,Organic Search,mobile,420,294,222,10,734.06,0.335,78
2026-06-09,Paid Search,tablet,274,155,123,10,784.87,0.341,201
2026-06-09,Paid Social,mobile,274,163,163,1,58.3,0.588,133
2026-06-09,Email,mobile,121,80,50,3,256.43,0.369,129
2026-06-09,Direct,desktop,163,100,110,3,262.76,0.409,192
2026-06-09,Referral,desktop,89,62,44,5,307.7,0.397,89
2026-06-10,Organic Search,mobile,448,304,237,7,653.7,0.594,61
2026-06-10,Paid Search,desktop,259,183,148,5,350.05,0.615,84
2026-06-10,Paid Social,mobile,299,217,177,6,328.49,0.487,212
2026-06-10,Email,desktop,108,62,67,1,95.66,0.452,115
2026-06-10,Direct,mobile,161,117,88,3,247.84,0.318,104
2026-06-10,Referral,mobile,86,54,46,0,0.0,0.292,120
2026-06-11,Organic Search,desktop,474,346,287,3,214.87,0.299,159
2026-06-11,Paid Search,desktop,297,197,180,11,929.71,0.617,122
2026-06-11,Paid Social,desktop,275,165,153,4,272.58,0.373,160
2026-06-11,Email,mobile,127,88,53,3,278.1,0.473,131
2026-06-11,Direct,desktop,154,112,86,4,409.92,0.562,74
2026-06-11,Referral,desktop,81,47,42,2,122.21,0.372,188
2026-06-12,Organic Search,mobile,453,332,306,6,414.66,0.609,191
2026-06-12,Paid Search,tablet,251,148,134,13,873.35,0.483,78
2026-06-12,Paid Social,mobile,290,207,139,6,353.17,0.558,235
2026-06-12,Email,desktop,131,94,74,5,445.24,0.326,132
2026-06-12,Direct,mobile,166,96,78,5,390.52,0.548,240
2026-06-12,Referral,mobile,88,68,50,4,264.86,0.574,215
2026-06-13,Organic Search,tablet,529,337,277,14,1264.44,0.578,200
2026-06-13,Paid Search,mobile,313,240,136,7,528.6,0.413,62
2026-06-13,Paid Social,mobile,381,224,228,3,164.99,0.484,212
2026-06-13,Email,mobile,155,106,97,6,454.85,0.326,173
2026-06-13,Direct,mobile,190,143,127,3,252.49,0.412,228
2026-06-13,Referral,desktop,97,63,43,1,74.31,0.467,233
2026-06-14,Organic Search,tablet,538,298,268,14,993.94,0.447,200
2026-06-14,Paid Search,mobile,317,176,174,5,381.41,0.544,52
2026-06-14,Paid Social,desktop,381,275,184,3,170.85,0.383,113
2026-06-14,Email,mobile,140,106,87,9,705.82,0.418,219
2026-06-14,Direct,desktop,172,109,94,4,364.35,0.37,160
2026-06-14,Referral,mobile,88,63,46,0,0.0,0.43,146
2026-06-15,Organic Search,tablet,541,344,276,10,701.59,0.607,219
2026-06-15,Paid Search,mobile,263,145,140,7,449.07,0.303,209
2026-06-15,Paid Social,tablet,273,153,165,2,116.3,0.45,115
2026-06-15,Email,mobile,117,74,69,0,0.0,0.363,125
2026-06-15,Direct,desktop,161,102,74,3,319.28,0.462,231
2026-06-15,Referral,mobile,89,50,44,0,0.0,0.524,179
2026-06-16,Organic Search,desktop,524,365,332,13,961.62,0.612,51
2026-06-16,Paid Search,tablet,280,165,127,8,677.77,0.564,144
2026-06-16,Paid Social,mobile,290,217,140,1,52.04,0.52,70
2026-06-16,Email,mobile,132,73,70,9,721.78,0.611,226
2026-06-16,Direct,mobile,168,119,106,10,1062.9,0.445,200
2026-06-16,Referral,mobile,81,59,34,1,80.81,0.415,235
2026-06-17,Organic Search,mobile,435,329,246,4,277.31,0.327,123
2026-06-17,Paid Search,mobile,254,143,124,16,1137.65,0.31,169
2026-06-17,Paid Social,mobile,324,240,214,12,630.73,0.564,229
2026-06-17,Email,desktop,114,83,53,4,355.71,0.51,119
2026-06-17,Direct,desktop,181,127,107,3,310.26,0.514,51
2026-06-17,Referral,mobile,93,58,41,0,0.0,0.371,221
2026-06-18,Organic Search,desktop,452,317,253,6,434.25,0.484,144
2026-06-18,Paid Search,desktop,271,209,135,9,713.33,0.528,201
2026-06-18,Paid Social,mobile,329,242,170,5,312.38,0.441,138
2026-06-18,Email,mobile,131,89,76,6,597.75,0.577,119
2026-06-18,Direct,mobile,191,116,110,6,482.0,0.53,135
2026-06-18,Referral,desktop,85,60,46,1,62.17,0.428,247
2026-06-19,Organic Search,desktop,445,249,269,8,610.72,0.318,119
2026-06-19,Paid Search,desktop,285,220,154,10,639.1,0.358,132
2026-06-19,Paid Social,desktop,343,242,195,5,324.6,0.322,79
2026-06-19,Email,mobile,127,89,54,8,805.82,0.446,151
2026-06-19,Direct,mobile,171,110,76,10,1013.53,0.615,205
2026-06-19,Referral,mobile,83,58,44,1,64.89,0.445,76
2026-06-20,Organic Search,mobile,630,389,346,18,1413.03,0.4,51
2026-06-20,Paid Search,desktop,332,214,160,18,1274.34,0.326,68
2026-06-20,Paid Social,mobile,320,248,217,3,218.17,0.391,116
2026-06-20,Email,mobile,145,107,98,8,663.0,0.302,215
2026-06-20,Direct,mobile,207,119,103,7,717.08,0.607,108
2026-06-20,Referral,desktop,96,61,55,1,73.72,0.562,96
2026-06-21,Organic Search,tablet,539,392,342,10,908.7,0.413,137
2026-06-21,Paid Search,mobile,347,247,222,12,876.45,0.57,240
2026-06-21,Paid Social,desktop,336,243,221,6,316.87,0.571,54
2026-06-21,Email,mobile,163,125,110,4,342.98,0.315,232
2026-06-21,Direct,desktop,197,111,103,7,559.83,0.334,129
2026-06-21,Referral,mobile,93,65,41,1,64.56,0.474,47
2026-06-22,Organic Search,desktop,416,317,211,7,571.16,0.366,167
2026-06-22,Paid Search,mobile,272,205,138,6,479.14,0.376,74
2026-06-22,Paid Social,desktop,339,227,188,2,129.37,0.492,55
2026-06-22,Email,desktop,122,85,77,5,442.05,0.386,56
2026-06-22,Direct,mobile,189,112,110,5,519.48,0.517,49
2026-06-22,Referral,desktop,84,52,51,1,82.39,0.501,175
2026-06-23,Organic Search,mobile,480,313,280,12,881.62,0.519,220
2026-06-23,Paid Search,desktop,300,226,132,17,1286.15,0.354,259
2026-06-23,Paid Social,mobile,366,215,197,5,358.31,0.443,155
2026-06-23,Email,mobile,127,76,53,8,701.23,0.352,204
2026-06-23,Direct,mobile,197,147,122,7,689.09,0.459,144
2026-06-23,Referral,tablet,70,46,31,2,133.83,0.401,98
2026-06-24,Organic Search,mobile,452,306,237,10,929.41,0.299,52
2026-06-24,Paid Search,desktop,327,225,203,9,706.99,0.564,151
2026-06-24,Paid Social,mobile,280,183,173,3,203.87,0.456,83
2026-06-24,Email,desktop,124,88,61,4,349.42,0.459,98
2026-06-24,Direct,mobile,189,114,118,6,490.38,0.35,83
2026-06-24,Referral,mobile,92,69,39,0,0.0,0.36,88
2026-06-25,Organic Search,mobile,532,320,316,4,274.2,0.404,254
2026-06-25,Paid Search,desktop,299,186,181,10,863.76,0.497,205
2026-06-25,Paid Social,desktop,322,214,215,5,360.33,0.581,171
2026-06-25,Email,desktop,132,74,59,4,366.84,0.496,180
2026-06-25,Direct,desktop,195,135,110,6,478.1,0.481,138
2026-06-25,Referral,mobile,94,55,62,1,66.02,0.327,242
2026-06-26,Organic Search,mobile,500,333,221,11,754.18,0.557,101
2026-06-26,Paid Search,desktop,305,235,167,10,828.07,0.36,197
2026-06-26,Paid Social,mobile,391,300,209,7,404.05,0.509,195
2026-06-26,Email,mobile,129,98,58,3,227.09,0.287,123
2026-06-26,Direct,desktop,180,126,107,1,97.27,0.502,164
2026-06-26,Referral,mobile,90,51,52,2,137.48,0.524,56
2026-06-27,Organic Search,mobile,566,400,255,12,816.41,0.356,222
2026-06-27,Paid Search,mobile,387,241,215,10,794.55,0.313,241
2026-06-27,Paid Social,mobile,448,296,209,8,507.19,0.46,86
2026-06-27,Email,mobile,160,94,106,7,701.77,0.405,247
2026-06-27,Direct,desktop,215,129,93,1,79.61,0.482,200
2026-06-27,Referral,mobile,106,81,65,3,192.23,0.403,249
2026-06-28,Organic Search,mobile,556,429,266,12,803.58,0.474,218
2026-06-28,Paid Search,mobile,364,260,166,9,746.64,0.449,137
2026-06-28,Paid Social,mobile,343,224,219,4,264.91,0.571,221
2026-06-28,Email,mobile,146,111,76,7,554.13,0.564,61
2026-06-28,Direct,desktop,239,186,157,6,648.83,0.595,159
2026-06-28,Referral,desktop,120,82,72,2,144.99,0.289,250
2026-06-29,Organic Search,mobile,525,289,337,8,563.65,0.432,84
2026-06-29,Paid Search,desktop,324,219,168,10,650.6,0.355,58
2026-06-29,Paid Social,mobile,360,221,179,7,501.06,0.549,176
2026-06-29,Email,desktop,142,106,89,5,395.9,0.309,226
2026-06-29,Direct,mobile,218,169,118,6,617.88,0.362,98
2026-06-29,Referral,desktop,86,53,44,1,60.51,0.481,50
2026-06-30,Organic Search,mobile,384,269,212,8,670.92,0.553,215
2026-06-30,Paid Search,mobile,301,223,136,16,1108.6,0.287,174
2026-06-30,Paid Social,mobile,278,157,134,1,67.58,0.379,142
2026-06-30,Email,mobile,139,97,83,4,373.14,0.525,162
2026-06-30,Direct,desktop,208,120,122,8,664.93,0.456,187
2026-06-30,Referral,desktop,90,62,42,1,80.46,0.361,70
